{"Optimal": {"dynamic1.json": 0.5, "dynamic10.json": 0.5734891, "dynamic100.json": 0.039495628, "dynamic101.json": 0.24989712, "dynamic102.json": 0.20182586, "dynamic103.json": 0.40440011, "dynamic104.json": 0.43750305, "dynamic105.json": 0.69543727, "dynamic106.json": 0.14870272, "dynamic107.json": 0.43905871, "dynamic108.json": 0.092059565, "dynamic109.json": 0.11134242, "dynamic11.json": 0.26415156, "dynamic110.json": 0.35607723, "dynamic111.json": 0.025520993, "dynamic112.json": 0.055322911, "dynamic113.json": 0.091972031, "dynamic114.json": 0.37671717, "dynamic115.json": 0.24394235, "dynamic116.json": 0.09976828, "dynamic117.json": 0.38426597, "dynamic118.json": 0.10471923, "dynamic119.json": 0.33619798, "dynamic12.json": 0.27973911, "dynamic120.json": 0.032773224, "dynamic121.json": 0.51973807, "dynamic122.json": 0.082864548, "dynamic123.json": 0.40372055, "dynamic124.json": 0.28906252, "dynamic125.json": 0.0039694478, "dynamic126.json": 0.12481587, "dynamic127.json": 0.15143455, "dynamic128.json": 0.41548598, "dynamic129.json": 0.6317046, "dynamic13.json": 0.35006355, "dynamic130.json": 0.17092158, "dynamic131.json": 0.10005276, "dynamic132.json": 0.44334756, "dynamic133.json": 0.26024096, "dynamic134.json": 0.6137847, "dynamic135.json": 0.22364422, "dynamic136.json": 0.44501398, "dynamic137.json": 0.31792679, "dynamic138.json": 0.12585582, "dynamic139.json": 0.35119286, "dynamic14.json": 0.70536469, "dynamic140.json": 0.36571606, "dynamic141.json": 0.061498383, "dynamic142.json": 0.2206506, "dynamic143.json": 0.049704034, "dynamic144.json": 0.058198036, "dynamic145.json": 0.11873381, "dynamic146.json": 0.34501438, "dynamic147.json": 0.03298497, "dynamic148.json": 0.13215858, "dynamic149.json": 0.20293145, "dynamic15.json": 0.21231386, "dynamic150.json": 0.23124094, "dynamic151.json": 0.065358105, "dynamic152.json": 0.33289862, "dynamic153.json": 0.19994353, "dynamic154.json": 0.071923278, "dynamic155.json": 0.50718736, "dynamic156.json": 0.13558158, "dynamic157.json": 0.085127352, "dynamic158.json": 0.0722669, "dynamic159.json": 0.40399948, "dynamic16.json": 0.38966189, "dynamic160.json": 0.27171544, "dynamic161.json": 0.16918682, "dynamic162.json": 0.42979625, "dynamic163.json": 0.14199991, "dynamic164.json": 0.14451649, "dynamic165.json": 0.086446631, "dynamic166.json": 0.014879001, "dynamic167.json": 0.44542906, "dynamic168.json": 0.18093379, "dynamic169.json": 0.17159449, "dynamic17.json": 0.2923059, "dynamic170.json": 0.11012038, "dynamic171.json": 0.20962296, "dynamic172.json": 0.016934745, "dynamic173.json": 0.1865342, "dynamic174.json": 0.51651913, "dynamic175.json": 0.40438352, "dynamic176.json": 0.036723883, "dynamic177.json": 0.086120228, "dynamic178.json": 0.17919015, "dynamic179.json": 0.23167361, "dynamic18.json": 0.02690706, "dynamic180.json": 0.41927205, "dynamic181.json": 0.35757016, "dynamic182.json": 0.1668558, "dynamic183.json": 0.24482671, "dynamic184.json": 0.065648039, "dynamic185.json": 0.18245486, "dynamic186.json": 0.091595138, "dynamic187.json": 0.041035503, "dynamic188.json": 0.19575218, "dynamic189.json": 0.012328509, "dynamic19.json": 0.04786719, "dynamic190.json": 0.20452688, "dynamic191.json": 0.38562011, "dynamic192.json": 0.23877669, "dynamic193.json": 0.51935215, "dynamic194.json": 0.1328508, "dynamic195.json": 0.18528684, "dynamic196.json": 0.25212035, "dynamic197.json": 0.084815839, "dynamic198.json": 0.13966374, "dynamic199.json": 0.37954634, "dynamic2.json": 0.5, "dynamic20.json": 0.042550567, "dynamic200.json": 0.19511989, "dynamic201.json": 0.17940796, "dynamic202.json": 0.31442408, "dynamic203.json": 0.3409522, "dynamic204.json": 0.24320035, "dynamic205.json": 0.21211054, "dynamic206.json": 0.31151423, "dynamic207.json": 0.32923865, "dynamic208.json": 0.17319202, "dynamic209.json": 0.1349759, "dynamic21.json": 0.099065148, "dynamic210.json": 0.19171633, "dynamic211.json": 0.026104947, "dynamic212.json": 0.088703308, "dynamic213.json": 0.038984476, "dynamic214.json": 0.2060955, "dynamic215.json": 0.033398611, "dynamic216.json": 0.19051072, "dynamic217.json": 0.16322395, "dynamic218.json": 0.36050972, "dynamic219.json": 0.027752933, "dynamic22.json": 0.074304454, "dynamic220.json": 0.62703527, "dynamic221.json": 0.18747317, "dynamic222.json": 0.057372136, "dynamic223.json": 0.24899517, "dynamic224.json": 0.10747766, "dynamic225.json": 0.29787222, "dynamic226.json": 0.11525947, "dynamic227.json": 0.48214372, "dynamic228.json": 0.21596558, "dynamic229.json": 0.030330618, "dynamic23.json": 0.10568531, "dynamic230.json": 0.082175804, "dynamic231.json": 0.043384567, "dynamic232.json": 0.031824995, "dynamic233.json": 0.29683826, "dynamic234.json": 0.24482231, "dynamic235.json": 0.31383881, "dynamic236.json": 0.37696553, "dynamic237.json": 0.27775214, "dynamic238.json": 0.038782808, "dynamic239.json": 0.23702219, "dynamic24.json": 0.37447398, "dynamic240.json": 0.020707401, "dynamic241.json": 0.21719649, "dynamic242.json": 0.00017214167, "dynamic243.json": 0.22520357, "dynamic244.json": 0.16748717, "dynamic245.json": 0.22749096, "dynamic246.json": 0.22994072, "dynamic247.json": 0.032064215, "dynamic248.json": 0.0067198158, "dynamic249.json": 0.21214026, "dynamic25.json": 0.73875434, "dynamic250.json": 0.017803124, "dynamic251.json": 0.44889941, "dynamic252.json": 0.13564572, "dynamic253.json": 0.040882772, "dynamic254.json": 0.28292137, "dynamic255.json": 0.04194915, "dynamic256.json": 0.41380647, "dynamic257.json": 0.34912036, "dynamic258.json": 0.27262384, "dynamic259.json": 0.12230162, "dynamic26.json": 0.59144086, "dynamic260.json": 0.12537972, "dynamic261.json": 0.035609956, "dynamic262.json": 0.24306962, "dynamic263.json": 0.30615364, "dynamic264.json": 0.0024446731, "dynamic265.json": 0.35750162, "dynamic266.json": 0.30006646, "dynamic267.json": 0.012086487, "dynamic268.json": 0.18755402, "dynamic269.json": 0.16490237, "dynamic27.json": 0.010905075, "dynamic270.json": 0.29051698, "dynamic271.json": 0.19520234, "dynamic272.json": 0.50419614, "dynamic273.json": 0.10045024, "dynamic274.json": 0.44658276, "dynamic275.json": 0.1877327, "dynamic276.json": 0.059204412, "dynamic277.json": 0.4452869, "dynamic278.json": 0.30815926, "dynamic279.json": 0.38685996, "dynamic28.json": 0.11629583, "dynamic280.json": 0.27825676, "dynamic281.json": 0.36316126, "dynamic282.json": 0.12677812, "dynamic283.json": 0.15310538, "dynamic284.json": 0.34312275, "dynamic285.json": 0.3366862, "dynamic286.json": 0.66276087, "dynamic287.json": 0.31408314, "dynamic288.json": 0.26961267, "dynamic289.json": 0.13998926, "dynamic29.json": 0.04897944, "dynamic290.json": 0.29538481, "dynamic291.json": 0.030014577, "dynamic292.json": 0.3243811, "dynamic293.json": 0.29739098, "dynamic294.json": 0.22831595, "dynamic295.json": 0.20422822, "dynamic296.json": 0.052671037, "dynamic297.json": 0.30067708, "dynamic298.json": 0.32174103, "dynamic299.json": 0.13191102, "dynamic3.json": 0.25, "dynamic30.json": 0.080475877, "dynamic300.json": 0.24902364, "dynamic301.json": 0.060729532, "dynamic302.json": 0.033068199, "dynamic303.json": 0.39251604, "dynamic304.json": 0.48471815, "dynamic305.json": 0.14647951, "dynamic306.json": 0.12862886, "dynamic307.json": 0.12424832, "dynamic308.json": 0.22955702, "dynamic309.json": 0.12807982, "dynamic31.json": 0.097056939, "dynamic310.json": 0.58023879, "dynamic311.json": 0.021918645, "dynamic312.json": 0.27549599, "dynamic313.json": 0.11199666, "dynamic314.json": 0.2551795, "dynamic315.json": 0.21129871, "dynamic316.json": 0.1590152, "dynamic317.json": 0.097962256, "dynamic318.json": 0.180214, "dynamic319.json": 0.088243249, "dynamic32.json": 0.04896389, "dynamic320.json": 0.15367619, "dynamic321.json": 0.1487075, "dynamic322.json": 0.6582438, "dynamic323.json": 0.037269079, "dynamic324.json": 0.61139165, "dynamic325.json": 0.056896562, "dynamic326.json": 0.065945775, "dynamic327.json": 0.34946565, "dynamic328.json": 0.11688152, "dynamic329.json": 0.051937938, "dynamic33.json": 0.005700448,