{"Optimal": {"uncertain1.json": 0.16666667, "uncertain10.json": 0.059489777, "uncertain11.json": 0.22260587, "uncertain12.json": 0.21818267, "uncertain13.json": 0.91531926, "uncertain14.json": 0.86598756, "uncertain15.json": 0.40620178, "uncertain16.json": 0.16651359, "uncertain17.json": 0.69411604, "uncertain18.json": 0.033915938, "uncertain19.json": 0.64816627, "uncertain2.json": 0.6, "uncertain20.json": 0.64953514, "uncertain21.json": 0.55634626, "uncertain22.json": 0.17210162, "uncertain23.json": 0.18420503, "uncertain24.json": 0.37665609, "uncertain25.json": 0.78801781, "uncertain26.json": 0.51293107, "uncertain27.json": 0.22083117, "uncertain28.json": 0.72940419, "uncertain29.json": 0.89654683, "uncertain3.json": 0.36754447, "uncertain30.json": 0.080454097, "uncertain31.json": 0.96891544, "uncertain32.json": 0.15574749, "uncertain33.json": 0.98630377, "uncertain4.json": 0.50764395, "uncertain5.json": 0.30940989, "uncertain6.json": 0.4755549, "uncertain7.json": 0.11488084, "uncertain8.json": 0.95024472, "uncertain9.json": 0.40793611}, "Invalid": [], "Infeasible": [], "Unbounded": []}