{"uncertain1.json": [0.9128843058759875, 0.95], "uncertain2.json": [0.9955568806983471, 1.0], "uncertain3.json": [0.9641995331883327, 0.98], "uncertain4.json": [0.9690082013617068, 0.97], "uncertain5.json": [0.0021872965903740236, 0.0], "uncertain6.json": [0.036210549953301134, 0.05], "uncertain7.json": [0.7395881611000795, 0.77], "uncertain8.json": [0.9859243233214895, 0.99], "uncertain9.json": [0.09396495027057988, 0.1], "uncertain10.json": [0.9963092044666236, 1.0], "uncertain11.json": [0.18878410949041552, 0.14], "uncertain12.json": [0.14690255486251502, 0.16], "uncertain13.json": [0.3798465075190729, 0.33], "uncertain14.json": [0.9872994525449668, 1.0], "uncertain15.json": [0.9664758400905205, 0.95], "uncertain16.json": [0.778852912687894, 0.76], "uncertain17.json": [0.031570351037251906, 0.01], "uncertain18.json": [0.4665441996567532, 0.51], "uncertain19.json": [0.9560976533635503, 0.95], "uncertain20.json": [0.06215561932412861, 0.06], "uncertain21.json": [0.026027731142253145, 0.0], "uncertain23.json": [0.010803477997899458, 0.0], "uncertain24.json": [0.9541488839703165, 1.0], "uncertain25.json": [7.643703066235223e-06, 0.0], "uncertain26.json": [0.47903017004378046, 0.38], "uncertain28.json": [0.5476617910812297, 0.6], "uncertain29.json": [0.9703990419857651, 1.0], "uncertain30.json": [0.0009599755357635716, 0.0], "uncertain31.json": [0.7255691190456814, 0.7], "new_uncertain1.json": [0.49999999999999506, 0.61], "new_uncertain2.json": [0.937106787680528, 0.14], "new_uncertain3.json": [0.6662360108096788, 0.66], "new_uncertain4.json": [0.9731904478334605, 0.99], "new_uncertain5.json": [0.9977598683165045, 1.0], "new_uncertain6.json": [0.4921579803039435, 0.49], "new_uncertain7.json": [0.8896643190400761, 0.14], "new_uncertain8.json": [0.03335204050327645, 0.0], "new_uncertain9.json": [0.6343619403334918, 0.61], "new_uncertain10.json": [0.9387271571368067, 0.96], "new_uncertain11.json": [0.9943057923347448, 1.0], "new_uncertain12.json": [0.9675398264602078, 0.99], "new_uncertain13.json": [0.862472196417237, 0.84], "new_uncertain14.json": [0.8560579674267257, 0.89], "new_uncertain15.json": [0.04572559967363346, 0.04], "new_uncertain16.json": [0.14110103158195036, 0.13], "new_uncertain18.json": [0.07922374761933015, 0.12], "new_uncertain19.json": [0.9944898121187445, 1.0], "new_uncertain20.json": [0.6333146750098856, 0.63], "new_uncertain22.json": [0.9879919851193568, 1.0], "new_uncertain24.json": [0.9569912393869501, 0.94], "new_uncertain48.json": [0.9237519286865742, 0.97], "new_uncertain49.json": [0.703607683888505, 0.68], "new_uncertain50.json": [0.19742252368018798, 0.2], "new_uncertain51.json": [0.30057846146131206, 0.3], "new_uncertain53.json": [0.24364315833161654, 0.27], "new_uncertain54.json": [0.8973279750989744, 0.84], "new_uncertain55.json": [0.5676953074184282, 0.5], "new_uncertain56.json": [0.15802785239567213, 0.15], "new_uncertain59.json": [0.5000000000000003, 0.54], "new_uncertain60.json": [0.7375568681357165, 0.77], "new_uncertain61.json": [0.33768580354024147, 0.31], "new_uncertain63.json": [0.39422166027637573, 0.38], "new_uncertain64.json": [0.2595223057163793, 0.28], "new_uncertain65.json": [0.4639874294184313, 0.56], "new_uncertain66.json": [0.745190337938652, 0.75], "new_uncertain67.json": [0.6998366853097892, 0.48], "new_uncertain68.json": [0.584649788879972, 0.68], "new_uncertain69.json": [0.890486671648842, 0.91], "new_uncertain71.json": [0.846345598180005, 0.78], "new_uncertain75.json": [0.28695003438081546, 0.31], "new_uncertain76.json": [0.9177023682453058, 0.91], "new_uncertain77.json": [0.4856509201519872, 0.53], "new_uncertain78.json": [0.7011207854908128, 0.65], "new_uncertain79.json": [0.8929729705166161, 0.87], "new_uncertain82.json": [0.32250074800983486, 0.35], "new_uncertain84.json": [0.5191535186311111, 0.53], "new_uncertain86.json": [0.5684100795653675, 0.49], "new_uncertain87.json": [0.7765102527586154, 0.78], "new_uncertain88.json": [0.8977035501886785, 0.86], "new_uncertain89.json": [0.8212874553691416, 0.77], "new_uncertain90.json": [0.7073549114520755, 0.74], "new_uncertain91.json": [0.7473649329272638, 0.69], "new_uncertain92.json": [0.830679282797635, 0.85], "new_uncertain93.json": [0.8067381548304184, 0.78], "new_uncertain95.json": [0.6816984415333847, 0.7], "new_uncertain96.json": [0.8507436295081545, 0.84], "new_uncertain97.json": [0.997772004646, 1.0], "new_uncertain98.json": [0.8938036272034131, 0.73], "new_uncertain99.json": [0.7416576556465772, 0.81], "new_uncertain100.json": [0.9582400184055967, 0.95], "new_uncertain101.json": [0.8760504945688268, 0.84], "new_uncertain102.json": [0.9917967465147605, 1.0], "new_uncertain103.json": [0.9885573772999338, 0.99], "new_uncertain105.json": [0.8488211960607784, 0.87], "new_uncertain106.json": [0.7543504692133076, 0.7], "new_uncertain107.json": [0.29553768965212446, 0.3], "new_uncertain108.json": [0.9482674586609956, 1.0], "new_uncertain109.json": [0.9011976942055464, 0.93], "new_uncertain110.json": [0.9669037101389037, 1.0], "new_uncertain112.json": [0.06717233556036332, 0.1], "new_uncertain113.json": [0.812104381729117, 0.79], "new_uncertain114.json": [0.998322221020511, 1.0], "new_uncertain115.json": [0.252053181826038, 0.26], "new_uncertain117.json": [0.35999883263122795, 0.34], "new_uncertain133.json": [0.9932715231776797, 1.0], "new_uncertain134.json": [0.6645556153092108, 0.68], "new_uncertain135.json": [0.8618897220138877, 0.85], "new_uncertain136.json": [0.9143361320759271, 0.9], "new_uncertain137.json": [0.4283370664131526, 0.36], "new_uncertain138.json": [0.23347265417269625, 0.24]}