{"result_success.json": [0.9997793709833531, 0.0], "result_compare.json": [0.9961840134457157, 0.0]}