{"uncontrollable6.json": [0.5788635382463435, 0.563], "uncontrollable48.json": [0.9281836671779365, 0.879], "uncontrollable64.json": [0.29736631304034755, 0.337], "uncontrollable33.json": [0.47578984433513755, 0.461], "uncontrollable25.json": [0.5000000000000003, 0.506], "uncontrollable72.json": [0.6881683727449505, 0.664], "uncontrollable110.json": [0.8413205646503774, 0.792], "uncontrollable52.json": [0.9213503964748568, 0.196], "uncontrollable106.json": [0.16292855861754457, 0.207], "uncontrollable44.json": [0.9994880850236473, 1.0], "uncontrollable13.json": [0.9830525732376557, 1.0], "uncontrollable87.json": [0.9315880598374834, 0.891], "uncontrollable68.json": [0.8956764610945216, 0.84], "uncontrollable29.json": [0.908933954407636, 0.851], "uncontrollable91.json": [0.27305304472503483, 0.322], "uncontrollable90.json": [0.9978398435876308, 0.994], "uncontrollable28.json": [0.4909450100302518, 0.498], "uncontrollable86.json": [0.5221137451050152, 0.527], "uncontrollable69.json": [0.7707762819055548, 0.743], "uncontrollable12.json": [0.9762815535875671, 0.953], "uncontrollable45.json": [0.15412727689408656, 0.203], "uncontrollable107.json": [0.9982611895554688, 0.999], "uncontrollable53.json": [0.9983339209621815, 0.999], "uncontrollable73.json": [0.6541529452159274, 0.632], "uncontrollable24.json": [0.9987409524696547, 0.998], "uncontrollable32.json": [0.25806974710131036, 0.307], "uncontrollable65.json": [0.11799031909787144, 0.142], "uncontrollable49.json": [0.984424879188836, 0.963], "uncontrollable7.json": [0.7356820978024746, 0.706], "uncontrollable54.json": [0.99437385793287, 0.992], "uncontrollable100.json": [0.9756484501440942, 0.962], "uncontrollable42.json": [0.8850194494754702, 0.877], "uncontrollable15.json": [0.2572481907599401, 0.24], "uncontrollable81.json": [0.7730057204841918, 0.732], "uncontrollable39.json": [0.8901237859514098, 0.848], "uncontrollable97.json": [0.883162897544753, 0.85], "uncontrollable78.json": [0.9994844417969073, 1.0], "uncontrollable58.json": [0.9742557789281503, 1.0], "uncontrollable19.json": [0.7791380005711641, 0.732], "uncontrollable62.json": [0.9870749966128171, 0.958], "uncontrollable35.json": [0.33946775260465284, 0.356], "uncontrollable23.json": [0.8962281848696614, 0.859], "uncontrollable74.json": [0.36196762383389114, 0.392], "uncontrollable75.json": [0.7073097100648982, 0.684], "uncontrollable22.json": [0.015949903383230723, 0.025], "uncontrollable34.json": [0.9954198391597363, 0.99], "uncontrollable63.json": [0.5549913617226347, 0.536], "uncontrollable18.json": [0.9507440266889755, 0.901], "uncontrollable59.json": [0.4834323008330066, 0.468], "uncontrollable1.json": [0.9812538733074232, 0.974], "uncontrollable96.json": [0.7323814710428406, 0.541], "uncontrollable79.json": [0.9972056634529256, 0.998], "uncontrollable38.json": [0.4173998370115285, 0.401], "uncontrollable80.json": [0.7685850369496015, 0.727], "uncontrollable14.json": [0.012441713833722433, 0.0], "uncontrollable43.json": [0.7288209206795406, 0.713], "uncontrollable101.json": [0.690050585915038, 0.689], "uncontrollable55.json": [0.6529670178378623, 0.624], "uncontrollable95.json": [0.9285154665196536, 0.875], "uncontrollable83.json": [0.945729033862039, 0.908], "uncontrollable17.json": [0.4999999999999943, 0.5], "uncontrollable40.json": [0.9990112186331649, 1.0], "uncontrollable102.json": [0.8560298379805702, 0.812], "uncontrollable56.json": [0.2202381326405281, 0.255], "uncontrollable76.json": [0.9853179250861717, 1.0], "uncontrollable99.json": [0.46138367882027476, 0.445], "uncontrollable21.json": [0.8100563346866766, 0.762], "uncontrollable37.json": [0.5780422226708289, 0.568], "uncontrollable60.json": [0.3143441545275789, 0.305], "uncontrollable2.json": [0.2112500810549941, 0.272], "uncontrollable3.json": [0.9834699820699517, 0.965], "uncontrollable61.json": [0.9956972606088395, 0.992], "uncontrollable36.json": [0.0004997413963345106, 0.001], "uncontrollable20.json": [0.5974989992952613, 0.59], "uncontrollable77.json": [0.21949804829218314, 0.245], "uncontrollable98.json": [0.9614500641282275, 0.136], "uncontrollable57.json": [0.9250559077342562, 0.707], "uncontrollable103.json": [0.7768042876355802, 0.741], "uncontrollable41.json": [0.9243150393540808, 0.866], "uncontrollable16.json": [0.7866105981087913, 0.75], "uncontrollable82.json": [4.57069544924616e-07, 0.0], "uncontrollable94.json": [0.880764425227535, 0.823], "uncontrollable70.json": [0.019022228746740463, 0.049], "uncontrollable27.json": [0.05171068932916847, 0.088], "uncontrollable31.json": [0.37833987510789235, 0.387], "uncontrollable66.json": [0.017115870593791046, 0.0], "uncontrollable89.json": [0.9627118074946448, 0.935], "uncontrollable108.json": [0.9827705672762456, 0.974], "uncontrollable4.json": [0.8125103993057249, 0.766], "uncontrollable93.json": [0.8467733705680007, 0.779], "uncontrollable85.json": [0.8653939289492729, 0.826], "uncontrollable11.json": [0.03797452800538274, 0.056], "uncontrollable46.json": [0.025654035363661017, 0.05], "uncontrollable104.json": [0.003993885019074253, 0.001], "uncontrollable8.json": [0.7315606123257926, 0.678], "uncontrollable50.json": [0.7555955217146082, 0.725], "uncontrollable9.json": [0.26749869605246857, 0.331], "uncontrollable51.json": [0.9771603786035856, 0.961], "uncontrollable105.json": [0.041922237675521994, 0.061], "uncontrollable47.json": [0.9428976074849773, 0.916], "uncontrollable10.json": [0.45843511359971034, 0.461], "uncontrollable84.json": [0.9996465576439945, 1.0], "uncontrollable92.json": [0.9416677676094882, 0.892], "uncontrollable5.json": [0.9220892627990326, 0.91], "uncontrollable109.json": [0.969958103574656, 1.0], "uncontrollable67.json": [0.10716468584384725, 0.158], "uncontrollable88.json": [0.9950748653349756, 0.987], "uncontrollable30.json": [0.00017030579323217056, 0.0], "uncontrollable26.json": [0.06420194257064146, 0.089], "uncontrollable71.json": [0.12349356198364358, 0.153]}