{"normal": {"dynamic1": 3.912023006, "dynamic10": 85.06291184, "dynamic100": 125.9720582, "dynamic101": 125.7248104, "dynamic102": 125.7869266, "dynamic103": 125.4941693, "dynamic104": 125.4369857, "dynamic105": 124.7513939, "dynamic106": 125.8513613, "dynamic107": 125.3304602, "dynamic108": 125.9157786, "dynamic109": 125.8943118, "dynamic11": 85.60829825, "dynamic110": 125.2187389, "dynamic111": 125.9865031, "dynamic112": 125.955443, "dynamic113": 125.9158751, "dynamic114": 125.2121245, "dynamic115": 125.7327175, "dynamic116": 125.9072521, "dynamic117": 125.4212733, "dynamic118": 125.901737, "dynamic119": 125.6025839, "dynamic12": 85.41913765, "dynamic120": 125.9790329, "dynamic121": 125.2789316, "dynamic122": 125.9258551, "dynamic123": 125.4953095, "dynamic124": 125.435865, "dynamic125": 126.0083779, "dynamic126": 125.8790344, "dynamic127": 125.777366, "dynamic128": 125.4753807, "dynamic129": 124.8747004, "dynamic13": 85.34811461, "dynamic130": 125.8249146, "dynamic131": 125.906936, "dynamic132": 125.4265409, "dynamic133": 125.7109245, "dynamic134": 125.0609951, "dynamic135": 125.7369327, "dynamic136": 125.4235429, "dynamic137": 125.4311727, "dynamic138": 125.8646531, "dynamic139": 125.5797352, "dynamic14": 84.69301267, "dynamic140": 125.5570967, "dynamic141": 125.9488844, "dynamic142": 125.7341018, "dynamic143": 125.9613735, "dynamic144": 125.9523949, "dynamic145": 125.8859597, "dynamic146": 125.5892132, "dynamic147": 125.9788141, "dynamic148": 125.8706089, "dynamic149": 125.7855406, "dynamic15": 85.56453433, "dynamic150": 125.6472067, "dynamic151": 125.9447633, "dynamic152": 125.5598395, "dynamic153": 125.7892822, "dynamic154": 125.9377144, "dynamic155": 125.3047288, "dynamic156": 125.8666569, "dynamic157": 125.9233848, "dynamic158": 125.9373439, "dynamic159": 125.4948415, "dynamic16": 85.20057698, "dynamic160": 125.486152, "dynamic161": 125.827005, "dynamic162": 125.4505936, "dynamic163": 125.8328658, "dynamic164": 125.8562667, "dynamic165": 125.9219417, "dynamic166": 125.9973642, "dynamic167": 125.0389141, "dynamic168": 125.8127648, "dynamic169": 125.8241027, "dynamic17": 85.56928607, "dynamic170": 125.8956859, "dynamic171": 125.7178947, "dynamic172": 125.9952756, "dynamic173": 125.8059038, "dynamic174": 125.2856116, "dynamic175": 125.4941969, "dynamic176": 125.97494, "dynamic177": 125.922299, "dynamic178": 125.7037502, "dynamic179": 125.7488143, "dynamic18": 85.88775358, "dynamic180": 125.1112645, "dynamic181": 125.5698576, "dynamic182": 125.7318218, "dynamic183": 125.7315472, "dynamic184": 125.9444531, "dynamic185": 125.6932516, "dynamic186": 125.9162902, "dynamic187": 125.970454, "dynamic188": 125.7382871, "dynamic189": 125.9999501, "dynamic19": 85.86597865, "dynamic190": 125.7374724, "dynamic191": 125.238352, "dynamic192": 125.6006159, "dynamic193": 125.2797348, "dynamic194": 125.7876374, "dynamic195": 125.7566123, "dynamic196": 125.515831, "dynamic197": 125.9237252, "dynamic198": 125.861923, "dynamic199": 125.5292428, "dynamic2": 0.6931471806, "dynamic20": 85.87154697, "dynamic200": 125.7618726, "dynamic201": 125.814626, "dynamic202": 125.634859, "dynamic203": 125.5327119, "dynamic204": 125.7336984, "dynamic205": 125.7739577, "dynamic206": 125.5324804, "dynamic207": 125.6130135, "dynamic208": 125.6947219, "dynamic209": 125.8673572, "dynamic21": 99.41595764, "dynamic210": 125.7995129, "dynamic211": 125.9859035, "dynamic212": 125.9194685, "dynamic213": 125.9725904, "dynamic214": 125.781563, "dynamic215": 125.9783862, "dynamic216": 125.8010033, "dynamic217": 125.6965202, "dynamic218": 125.5636046, "dynamic219": 125.98421, "dynamic22": 99.44307008, "dynamic220": 124.0479596, "dynamic221": 125.8047487, "dynamic222": 125.9532715, "dynamic223": 125.5380142, "dynamic224": 125.7961526, "dynamic225": 125.6587153, "dynamic226": 125.8898944, "dynamic227": 124.9845674, "dynamic228": 125.7690527, "dynamic229": 125.9795608, "dynamic23": 99.4085822, "dynamic230": 125.9266057, "dynamic231": 125.9680015, "dynamic232": 125.9671792, "dynamic233": 125.6601866, "dynamic234": 125.7315529, "dynamic235": 125.6357124, "dynamic236": 125.3745487, "dynamic237": 125.6546863, "dynamic238": 125.9728002, "dynamic239": 125.741829, "dynamic24": 99.05111772, "dynamic240": 125.9914305, "dynamic241": 125.7605118, "dynamic242": 126.0121829, "dynamic243": 125.5097088, "dynamic244": 125.6479396, "dynamic245": 125.6540278, "dynamic246": 125.7182841, "dynamic247": 125.9506036, "dynamic248": 126.0056126, "dynamic249": 125.7179413, "dynamic25": 98.17798592, "dynamic250": 125.9943919, "dynamic251": 125.4165173, "dynamic252": 125.7787034, "dynamic253": 125.9706132, "dynamic254": 125.6797855, "dynamic255": 125.9695008, "dynamic256": 125.4782499, "dynamic257": 125.5829248, "dynamic258": 125.4455907, "dynamic259": 125.8819028, "dynamic26": 98.62516135, "dynamic260": 125.8783897, "dynamic261": 125.9760956, "dynamic262": 125.635064, "dynamic263": 125.6468506, "dynamic264": 126.0099074, "dynamic265": 125.5699641, "dynamic266": 125.6555854, "dynamic267": 126.0001948, "dynamic268": 125.7970091, "dynamic269": 125.8321486, "dynamic27": 99.50931484, "dynamic270": 125.6691365, "dynamic271": 125.6930814, "dynamic272": 125.3107802, "dynamic273": 125.9064944, "dynamic274": 125.420712, "dynamic275": 125.8044294, "dynamic276": 125.9513258, "dynamic277": 125.423051, "dynamic278": 125.6439556, "dynamic279": 125.3783516, "dynamic28": 99.39664706, "dynamic280": 125.6862693, "dynamic281": 125.5611162, "dynamic282": 125.8767898, "dynamic283": 125.8461761, "dynamic284": 125.212703, "dynamic285": 125.3177966, "dynamic286": 124.9253918, "dynamic287": 125.547436, "dynamic288": 125.6908215, "dynamic289": 125.8615448, "dynamic29": 99.47006029, "dynamic290": 125.6622518, "dynamic291": 125.9818811, "dynamic292": 125.6202292, "dynamic293": 125.6388281, "dynamic294": 125.7531752, "dynamic295": 125.7839122, "dynamic296": 125.9582463, "dynamic297": 125.237014, "dynamic298": 125.6241292, "dynamic299": 125.8708941, "dynamic3": 5.34710753, "dynamic30": 99.37424308, "dynamic300": 125.7259739, "dynamic301": 125.9497033, "dynamic302": 125.9787279, "dynamic303": 125.5139256, "dynamic304": 125.349314, "dynamic305": 125.8539696, "dynamic306": 125.8746678, "dynamic307": 125.8796826, "dynamic308": 125.3593266, "dynamic309": 125.8752978, "dynamic31": 99.41818404, "dynamic310": 125.1442859, "dynamic311": 125.9901928, "dynamic312": 125.6900872, "dynamic313": 125.8935754, "dynamic314": 125.7177432, "dynamic315": 125.7277283, "dynamic316": 125.8391733, "dynamic317": 125.9092563, "dynamic318": 125.7097946, "dynamic319": 125.919973, "dynamic32": 99.47007668, "dynamic320": 125.8455019, "dynamic321": 125.8513556, "dynamic322": 124.6628497, "dynamic323": 125.9743737, "dynamic324": 125.0671719, "dynamic325": 125.9537759, "dynamic326": 125.9441345, "dynamic327": 125.582394, "dynamic328": 125.8880594, "dynamic329": 125.9590198, "dynamic33": 99.51456305, "dynamic330": 125.8534836, "dynamic331": 125.6024849, "dynamic332": 125.5582624, "dynamic333": 125.8849412, "dynamic334": 125.7731022, "dynamic335": 125.5551205, "dynamic336": 125.6575376, "dynamic337": 125.6625227, "dynamic338": 125.5228405, "dynamic339": 125.7033417, "dynamic34": 99.05640578, "dynamic340": 125.4515449, "dynamic341": 125.5063605, "dynamic342": 125.6699858, "dynamic343": 125.8636339, "dynamic344": 125.721413, "dynamic345": 125.88566, "dynamic346": 125.6994164, "dynamic347": 125.5387115, "dynamic348": 125.7275367, "dynamic349": 125.8561781, "dynamic35": 99.51445076, "dynamic350": 125.9369437, "dynamic351": 125.7359925, "dynamic352": 125.1930363, "dynamic353": 126.0045585, "dynamic354": 125.7741381, "dynamic355": 125.7771733, "dynamic356": 125.9588816, "dynamic357": 125.8468868, "dynamic358": 125.8265973, "dynamic359": 126.0077565, "dynamic36": 99.33768847, "dynamic360": 125.7854278, "dynamic361": 125.9519982, "dynamic362": 125.7808231, "dynamic363": 125.8855131, "dynamic364": 125.3085637, "dynamic365": 125.7501087, "dynamic366": 125.3136983, "dynamic367": 125.7349686,