{"uncontrollable6.json": [0.5684100795653675, 0.56578], "uncontrollable48.json": [0.8973279750989744, 0.88692], "uncontrollable64.json": [0.32250074800983486, 0.33028], "uncontrollable33.json": [0.47903017004378046, 0.48012], "uncontrollable25.json": [0.5000000000000003, 0.48128], "uncontrollable72.json": [0.6645556153092108, 0.65748], "uncontrollable110.json": [0.8067381548304184, 0.79512], "uncontrollable52.json": [0.8896643190400761, 0.19494], "uncontrollable106.json": [0.19742252368018798, 0.20414], "uncontrollable44.json": [0.997772004646, 0.99972], "uncontrollable13.json": [0.9669037101389037, 1.0], "uncontrollable87.json": [0.9011976942055464, 0.89214], "uncontrollable68.json": [0.8618897220138877, 0.82784], "uncontrollable29.json": [0.8760504945688268, 0.86864], "uncontrollable91.json": [0.30057846146131206, 0.315], "uncontrollable90.json": [0.9932715231776797, 0.9962], "uncontrollable28.json": [0.4921579803039435, 0.48942], "uncontrollable86.json": [0.5191535186311111, 0.52044], "uncontrollable69.json": [0.7395881611000795, 0.73202], "uncontrollable12.json": [0.9569912393869501, 0.9562], "uncontrollable45.json": [0.18878410949041552, 0.19754], "uncontrollable107.json": [0.9943057923347448, 0.99854], "uncontrollable53.json": [0.9944898121187445, 0.9988], "uncontrollable73.json": [0.6343619403334918, 0.6272], "uncontrollable24.json": [0.9955568806983471, 0.99916], "uncontrollable32.json": [0.28695003438081546, 0.29396], "uncontrollable65.json": [0.14690255486251502, 0.1549], "uncontrollable49.json": [0.9690082013617068, 0.9699], "uncontrollable7.json": [0.7073549114520755, 0.69654], "uncontrollable54.json": [0.9859243233214895, 0.98794], "uncontrollable100.json": [0.9560976533635503, 0.95434], "uncontrollable42.json": [0.8507436295081545, 0.84428], "uncontrollable15.json": [0.2595223057163793, 0.26], "uncontrollable81.json": [0.7416576556465772, 0.72946], "uncontrollable39.json": [0.8560579674267257, 0.84804], "uncontrollable97.json": [0.8488211960607784, 0.8408], "uncontrollable78.json": [0.9977598683165045, 0.99956], "uncontrollable58.json": [0.9541488839703165, 1.0], "uncontrollable19.json": [0.7473649329272638, 0.73648], "uncontrollable62.json": [0.9731904478334605, 0.9747], "uncontrollable35.json": [0.35999883263122795, 0.3623], "uncontrollable23.json": [0.862472196417237, 0.85366], "uncontrollable74.json": [0.3798465075190729, 0.3844], "uncontrollable75.json": [0.6816984415333847, 0.67462], "uncontrollable22.json": [0.031570351037251906, 0.03092], "uncontrollable34.json": [0.9879919851193568, 0.99222], "uncontrollable63.json": [0.5476617910812297, 0.54726], "uncontrollable18.json": [0.9237519286865742, 0.92116], "uncontrollable59.json": [0.4856509201519872, 0.48596], "uncontrollable1.json": [0.9641995331883327, 0.9644], "uncontrollable96.json": [0.6998366853097892, 0.55482], "uncontrollable79.json": [0.9917967465147605, 0.9961], "uncontrollable38.json": [0.4283370664131526, 0.43174], "uncontrollable80.json": [0.7375568681357165, 0.73002], "uncontrollable14.json": [0.026027731142253145, 0.0], "uncontrollable43.json": [0.7011207854908128, 0.6915], "uncontrollable101.json": [0.6662360108096788, 0.66062], "uncontrollable55.json": [0.6333146750098856, 0.62866], "uncontrollable95.json": [0.8977035501886785, 0.8903], "uncontrollable83.json": [0.9177023682453058, 0.90636], "uncontrollable17.json": [0.49999999999999506, 0.49938], "uncontrollable40.json": [0.9963092044666236, 1.0], "uncontrollable102.json": [0.8212874553691416, 0.814], "uncontrollable56.json": [0.252053181826038, 0.26572], "uncontrollable76.json": [0.9703990419857651, 1.0], "uncontrollable99.json": [0.4665441996567532, 0.4705], "uncontrollable21.json": [0.7765102527586154, 0.76336], "uncontrollable37.json": [0.5676953074184282, 0.56418], "uncontrollable60.json": [0.33768580354024147, 0.30582], "uncontrollable2.json": [0.24364315833161654, 0.25602], "uncontrollable3.json": [0.9675398264602078, 0.96938], "uncontrollable61.json": [0.9885573772999338, 0.99272], "uncontrollable36.json": [0.0021872965903740236, 0.00066], "uncontrollable20.json": [0.584649788879972, 0.57878], "uncontrollable77.json": [0.23347265417269625, 0.237], "uncontrollable98.json": [0.937106787680528, 0.13582], "uncontrollable57.json": [0.8938036272034131, 0.72586], "uncontrollable103.json": [0.745190337938652, 0.7367], "uncontrollable41.json": [0.8929729705166161, 0.87722], "uncontrollable16.json": [0.7543504692133076, 0.74344], "uncontrollable82.json": [7.643703066235223e-06, 0.0], "uncontrollable94.json": [0.846345598180005, 0.82758], "uncontrollable70.json": [0.036210549953301134, 0.03614], "uncontrollable27.json": [0.07922374761933015, 0.09026], "uncontrollable31.json": [0.39422166027637573, 0.4006], "uncontrollable66.json": [0.03335204050327645, 0.0], "uncontrollable89.json": [0.9387271571368067, 0.9353], "uncontrollable108.json": [0.9664758400905205, 0.96872], "uncontrollable4.json": [0.778852912687894, 0.76902], "uncontrollable93.json": [0.812104381729117, 0.80696], "uncontrollable85.json": [0.830679282797635, 0.82126], "uncontrollable11.json": [0.06215561932412861, 0.06334], "uncontrollable46.json": [0.04572559967363346, 0.04594], "uncontrollable104.json": [0.010803477997899458, 0.0022], "uncontrollable8.json": [0.703607683888505, 0.69498], "uncontrollable50.json": [0.7255691190456814, 0.71598], "uncontrollable9.json": [0.29553768965212446, 0.30376], "uncontrollable51.json": [0.9582400184055967, 0.95638], "uncontrollable105.json": [0.06717233556036332, 0.06848], "uncontrollable47.json": [0.9143361320759271, 0.91292], "uncontrollable10.json": [0.4639874294184313, 0.46544], "uncontrollable84.json": [0.998322221020511, 0.99998], "uncontrollable92.json": [0.9128843058759875, 0.89916], "uncontrollable5.json": [0.890486671648842, 0.88548], "uncontrollable109.json": [0.9482674586609956, 1.0], "uncontrollable67.json": [0.14110103158195036, 0.15894], "uncontrollable88.json": [0.9872994525449668, 0.9895], "uncontrollable30.json": [0.0009599755357635716, 8e-05], "uncontrollable26.json": [0.09396495027057988, 0.10028], "uncontrollable71.json": [0.15802785239567213, 0.16918]}