{"uncertain1.json": [0.9128843058759875, 0.89736], "uncertain2.json": [0.9955568806983471, 0.99906], "uncertain3.json": [0.9641995331883327, 0.96556], "uncertain4.json": [0.9690082013617068, 0.96942], "uncertain5.json": [0.0021872965903740236, 0.0004], "uncertain6.json": [0.036210549953301134, 0.0352], "uncertain7.json": [0.7395881611000795, 0.73086], "uncertain8.json": [0.9859243233214895, 0.98906], "uncertain9.json": [0.09396495027057988, 0.09788], "uncertain10.json": [0.9963092044666236, 1.0], "uncertain11.json": [0.18878410949041552, 0.1996], "uncertain12.json": [0.14690255486251502, 0.15386], "uncertain13.json": [0.3798465075190729, 0.38714], "uncertain14.json": [0.9872994525449668, 0.98962], "uncertain15.json": [0.9664758400905205, 0.96974], "uncertain16.json": [0.778852912687894, 0.7664], "uncertain17.json": [0.031570351037251906, 0.03052], "uncertain18.json": [0.4665441996567532, 0.47014], "uncertain19.json": [0.9560976533635503, 0.95628], "uncertain20.json": [0.06215561932412861, 0.06532], "uncertain21.json": [0.026027731142253145, 0.0], "uncertain23.json": [0.010803477997899458, 0.00158], "uncertain24.json": [0.9541488839703165, 1.0], "uncertain25.json": [7.643703066235223e-06, 0.0], "uncertain26.json": [0.47903017004378046, 0.48538], "uncertain28.json": [0.5476617910812297, 0.5507], "uncertain29.json": [0.9703990419857651, 1.0], "uncertain30.json": [0.0009599755357635716, 8e-05], "uncertain31.json": [0.7255691190456814, 0.7159], "new_uncertain1.json": [0.49999999999999506, 0.50014], "new_uncertain2.json": [0.937106787680528, 0.13764], "new_uncertain3.json": [0.6662360108096788, 0.65982], "new_uncertain4.json": [0.9731904478334605, 0.97438], "new_uncertain5.json": [0.9977598683165045, 0.99948], "new_uncertain6.json": [0.4921579803039435, 0.49254], "new_uncertain7.json": [0.8896643190400761, 0.19172], "new_uncertain8.json": [0.03335204050327645, 0.0], "new_uncertain9.json": [0.6343619403334918, 0.63024], "new_uncertain10.json": [0.9387271571368067, 0.93484], "new_uncertain11.json": [0.9943057923347448, 0.9983], "new_uncertain12.json": [0.9675398264602078, 0.96898], "new_uncertain13.json": [0.862472196417237, 0.85492], "new_uncertain14.json": [0.8560579674267257, 0.84792], "new_uncertain15.json": [0.04572559967363346, 0.04648], "new_uncertain16.json": [0.14110103158195036, 0.15628], "new_uncertain18.json": [0.07922374761933015, 0.08934], "new_uncertain19.json": [0.9944898121187445, 0.9988], "new_uncertain20.json": [0.6333146750098856, 0.6299], "new_uncertain22.json": [0.9879919851193568, 0.99266], "new_uncertain24.json": [0.9569912393869501, 0.9593], "new_uncertain48.json": [0.9237519286865742, 0.92006], "new_uncertain49.json": [0.703607683888505, 0.69398], "new_uncertain50.json": [0.19742252368018798, 0.20438], "new_uncertain51.json": [0.30057846146131206, 0.31066], "new_uncertain53.json": [0.24364315833161654, 0.25716], "new_uncertain54.json": [0.8973279750989744, 0.88552], "new_uncertain55.json": [0.5676953074184282, 0.56064], "new_uncertain56.json": [0.15802785239567213, 0.16668], "new_uncertain59.json": [0.5000000000000003, 0.4809], "new_uncertain60.json": [0.7375568681357165, 0.7314], "new_uncertain61.json": [0.33768580354024147, 0.30346], "new_uncertain63.json": [0.39422166027637573, 0.40282], "new_uncertain64.json": [0.2595223057163793, 0.26108], "new_uncertain65.json": [0.4639874294184313, 0.4665], "new_uncertain66.json": [0.745190337938652, 0.7354], "new_uncertain67.json": [0.6998366853097892, 0.55532], "new_uncertain68.json": [0.584649788879972, 0.57944], "new_uncertain69.json": [0.890486671648842, 0.88528], "new_uncertain71.json": [0.846345598180005, 0.83128], "new_uncertain75.json": [0.28695003438081546, 0.29738], "new_uncertain76.json": [0.9177023682453058, 0.91078], "new_uncertain77.json": [0.4856509201519872, 0.49006], "new_uncertain78.json": [0.7011207854908128, 0.68812], "new_uncertain79.json": [0.8929729705166161, 0.87704], "new_uncertain82.json": [0.32250074800983486, 0.32902], "new_uncertain84.json": [0.5191535186311111, 0.52084], "new_uncertain86.json": [0.5684100795653675, 0.56544], "new_uncertain87.json": [0.7765102527586154, 0.76284], "new_uncertain88.json": [0.8977035501886785, 0.89066], "new_uncertain89.json": [0.8212874553691416, 0.80972], "new_uncertain90.json": [0.7073549114520755, 0.69616], "new_uncertain91.json": [0.7473649329272638, 0.73934], "new_uncertain92.json": [0.830679282797635, 0.8202], "new_uncertain93.json": [0.8067381548304184, 0.79332], "new_uncertain95.json": [0.6816984415333847, 0.67244], "new_uncertain96.json": [0.8507436295081545, 0.84554], "new_uncertain97.json": [0.997772004646, 0.99986], "new_uncertain98.json": [0.8938036272034131, 0.71806], "new_uncertain99.json": [0.7416576556465772, 0.72888], "new_uncertain100.json": [0.9582400184055967, 0.95754], "new_uncertain101.json": [0.8760504945688268, 0.8695], "new_uncertain102.json": [0.9917967465147605, 0.99576], "new_uncertain103.json": [0.9885573772999338, 0.9924], "new_uncertain105.json": [0.8488211960607784, 0.83732], "new_uncertain106.json": [0.7543504692133076, 0.74386], "new_uncertain107.json": [0.29553768965212446, 0.3005], "new_uncertain108.json": [0.9482674586609956, 1.0], "new_uncertain109.json": [0.9011976942055464, 0.89694], "new_uncertain110.json": [0.9669037101389037, 1.0], "new_uncertain112.json": [0.06717233556036332, 0.07024], "new_uncertain113.json": [0.812104381729117, 0.80578], "new_uncertain114.json": [0.998322221020511, 0.99998], "new_uncertain115.json": [0.252053181826038, 0.26616], "new_uncertain117.json": [0.35999883263122795, 0.36218], "new_uncertain133.json": [0.9932715231776797, 0.99584], "new_uncertain134.json": [0.6645556153092108, 0.65876], "new_uncertain135.json": [0.8618897220138877, 0.82666], "new_uncertain136.json": [0.9143361320759271, 0.9094], "new_uncertain137.json": [0.4283370664131526, 0.43314], "new_uncertain138.json": [0.23347265417269625, 0.23628]}